source,destination,reason
"/is-40-iq-good","/iq-score-interpreter?score=40","Templated score page consolidated into the interactive interpreter"
"/is-42-iq-good","/iq-score-interpreter?score=42","Templated score page consolidated into the interactive interpreter"
"/is-44-iq-good","/iq-score-interpreter?score=44","Templated score page consolidated into the interactive interpreter"
"/is-45-iq-good","/iq-score-interpreter?score=45","Templated score page consolidated into the interactive interpreter"
"/is-48-iq-good","/iq-score-interpreter?score=48","Templated score page consolidated into the interactive interpreter"
"/is-50-iq-good","/iq-score-interpreter?score=50","Templated score page consolidated into the interactive interpreter"
"/is-52-iq-good","/iq-score-interpreter?score=52","Templated score page consolidated into the interactive interpreter"
"/is-55-iq-good","/iq-score-interpreter?score=55","Templated score page consolidated into the interactive interpreter"
"/is-57-iq-good","/iq-score-interpreter?score=57","Templated score page consolidated into the interactive interpreter"
"/is-60-iq-good","/iq-score-interpreter?score=60","Templated score page consolidated into the interactive interpreter"
"/is-61-iq-good","/iq-score-interpreter?score=61","Templated score page consolidated into the interactive interpreter"
"/is-62-iq-good","/iq-score-interpreter?score=62","Templated score page consolidated into the interactive interpreter"
"/is-63-iq-good","/iq-score-interpreter?score=63","Templated score page consolidated into the interactive interpreter"
"/is-64-iq-good","/iq-score-interpreter?score=64","Templated score page consolidated into the interactive interpreter"
"/is-65-iq-good","/iq-score-interpreter?score=65","Templated score page consolidated into the interactive interpreter"
"/is-66-iq-good","/iq-score-interpreter?score=66","Templated score page consolidated into the interactive interpreter"
"/is-67-iq-good","/iq-score-interpreter?score=67","Templated score page consolidated into the interactive interpreter"
"/is-68-iq-good","/iq-score-interpreter?score=68","Templated score page consolidated into the interactive interpreter"
"/is-69-iq-good","/iq-score-interpreter?score=69","Templated score page consolidated into the interactive interpreter"
"/is-70-iq-good","/iq-score-interpreter?score=70","Templated score page consolidated into the interactive interpreter"
"/is-71-iq-good","/iq-score-interpreter?score=71","Templated score page consolidated into the interactive interpreter"
"/is-72-iq-good","/iq-score-interpreter?score=72","Templated score page consolidated into the interactive interpreter"
"/is-73-iq-good","/iq-score-interpreter?score=73","Templated score page consolidated into the interactive interpreter"
"/is-74-iq-good","/iq-score-interpreter?score=74","Templated score page consolidated into the interactive interpreter"
"/is-75-iq-good","/iq-score-interpreter?score=75","Templated score page consolidated into the interactive interpreter"
"/is-76-iq-good","/iq-score-interpreter?score=76","Templated score page consolidated into the interactive interpreter"
"/is-77-iq-good","/iq-score-interpreter?score=77","Templated score page consolidated into the interactive interpreter"
"/is-78-iq-good","/iq-score-interpreter?score=78","Templated score page consolidated into the interactive interpreter"
"/is-79-iq-good","/iq-score-interpreter?score=79","Templated score page consolidated into the interactive interpreter"
"/is-80-iq-good","/iq-score-interpreter?score=80","Templated score page consolidated into the interactive interpreter"
"/is-81-iq-good","/iq-score-interpreter?score=81","Templated score page consolidated into the interactive interpreter"
"/is-82-iq-good","/iq-score-interpreter?score=82","Templated score page consolidated into the interactive interpreter"
"/is-83-iq-good","/iq-score-interpreter?score=83","Templated score page consolidated into the interactive interpreter"
"/is-84-iq-good","/iq-score-interpreter?score=84","Templated score page consolidated into the interactive interpreter"
"/is-85-iq-good","/iq-score-interpreter?score=85","Templated score page consolidated into the interactive interpreter"
"/is-86-iq-good","/iq-score-interpreter?score=86","Templated score page consolidated into the interactive interpreter"
"/is-87-iq-good","/iq-score-interpreter?score=87","Templated score page consolidated into the interactive interpreter"
"/is-88-iq-good","/iq-score-interpreter?score=88","Templated score page consolidated into the interactive interpreter"
"/is-89-iq-good","/iq-score-interpreter?score=89","Templated score page consolidated into the interactive interpreter"
"/is-90-iq-good","/iq-score-interpreter?score=90","Templated score page consolidated into the interactive interpreter"
"/is-91-iq-good","/iq-score-interpreter?score=91","Templated score page consolidated into the interactive interpreter"
"/is-92-iq-good","/iq-score-interpreter?score=92","Templated score page consolidated into the interactive interpreter"
"/is-93-iq-good","/iq-score-interpreter?score=93","Templated score page consolidated into the interactive interpreter"
"/is-94-iq-good","/iq-score-interpreter?score=94","Templated score page consolidated into the interactive interpreter"
"/is-95-iq-good","/iq-score-interpreter?score=95","Templated score page consolidated into the interactive interpreter"
"/is-96-iq-good","/iq-score-interpreter?score=96","Templated score page consolidated into the interactive interpreter"
"/is-97-iq-good","/iq-score-interpreter?score=97","Templated score page consolidated into the interactive interpreter"
"/is-98-iq-good","/iq-score-interpreter?score=98","Templated score page consolidated into the interactive interpreter"
"/is-99-iq-good","/iq-score-interpreter?score=99","Templated score page consolidated into the interactive interpreter"
"/is-100-iq-good","/iq-score-interpreter?score=100","Templated score page consolidated into the interactive interpreter"
"/is-101-iq-good","/iq-score-interpreter?score=101","Templated score page consolidated into the interactive interpreter"
"/is-102-iq-good","/iq-score-interpreter?score=102","Templated score page consolidated into the interactive interpreter"
"/is-103-iq-good","/iq-score-interpreter?score=103","Templated score page consolidated into the interactive interpreter"
"/is-104-iq-good","/iq-score-interpreter?score=104","Templated score page consolidated into the interactive interpreter"
"/is-105-iq-good","/iq-score-interpreter?score=105","Templated score page consolidated into the interactive interpreter"
"/is-106-iq-good","/iq-score-interpreter?score=106","Templated score page consolidated into the interactive interpreter"
"/is-107-iq-good","/iq-score-interpreter?score=107","Templated score page consolidated into the interactive interpreter"
"/is-108-iq-good","/iq-score-interpreter?score=108","Templated score page consolidated into the interactive interpreter"
"/is-109-iq-good","/iq-score-interpreter?score=109","Templated score page consolidated into the interactive interpreter"
"/is-110-iq-good","/iq-score-interpreter?score=110","Templated score page consolidated into the interactive interpreter"
"/is-111-iq-good","/iq-score-interpreter?score=111","Templated score page consolidated into the interactive interpreter"
"/is-112-iq-good","/iq-score-interpreter?score=112","Templated score page consolidated into the interactive interpreter"
"/is-113-iq-good","/iq-score-interpreter?score=113","Templated score page consolidated into the interactive interpreter"
"/is-114-iq-good","/iq-score-interpreter?score=114","Templated score page consolidated into the interactive interpreter"
"/is-115-iq-good","/iq-score-interpreter?score=115","Templated score page consolidated into the interactive interpreter"
"/is-116-iq-good","/iq-score-interpreter?score=116","Templated score page consolidated into the interactive interpreter"
"/is-117-iq-good","/iq-score-interpreter?score=117","Templated score page consolidated into the interactive interpreter"
"/is-118-iq-good","/iq-score-interpreter?score=118","Templated score page consolidated into the interactive interpreter"
"/is-119-iq-good","/iq-score-interpreter?score=119","Templated score page consolidated into the interactive interpreter"
"/is-120-iq-good","/iq-score-interpreter?score=120","Templated score page consolidated into the interactive interpreter"
"/is-121-iq-good","/iq-score-interpreter?score=121","Templated score page consolidated into the interactive interpreter"
"/is-122-iq-good","/iq-score-interpreter?score=122","Templated score page consolidated into the interactive interpreter"
"/is-123-iq-good","/iq-score-interpreter?score=123","Templated score page consolidated into the interactive interpreter"
"/is-124-iq-good","/iq-score-interpreter?score=124","Templated score page consolidated into the interactive interpreter"
"/is-125-iq-good","/iq-score-interpreter?score=125","Templated score page consolidated into the interactive interpreter"
"/is-126-iq-good","/iq-score-interpreter?score=126","Templated score page consolidated into the interactive interpreter"
"/is-127-iq-good","/iq-score-interpreter?score=127","Templated score page consolidated into the interactive interpreter"
"/is-128-iq-good","/iq-score-interpreter?score=128","Templated score page consolidated into the interactive interpreter"
"/is-129-iq-good","/iq-score-interpreter?score=129","Templated score page consolidated into the interactive interpreter"
"/is-130-iq-good","/iq-score-interpreter?score=130","Templated score page consolidated into the interactive interpreter"
"/is-131-iq-good","/iq-score-interpreter?score=131","Templated score page consolidated into the interactive interpreter"
"/is-132-iq-good","/iq-score-interpreter?score=132","Templated score page consolidated into the interactive interpreter"
"/is-133-iq-good","/iq-score-interpreter?score=133","Templated score page consolidated into the interactive interpreter"
"/is-134-iq-good","/iq-score-interpreter?score=134","Templated score page consolidated into the interactive interpreter"
"/is-135-iq-good","/iq-score-interpreter?score=135","Templated score page consolidated into the interactive interpreter"
"/is-136-iq-good","/iq-score-interpreter?score=136","Templated score page consolidated into the interactive interpreter"
"/is-137-iq-good","/iq-score-interpreter?score=137","Templated score page consolidated into the interactive interpreter"
"/is-138-iq-good","/iq-score-interpreter?score=138","Templated score page consolidated into the interactive interpreter"
"/is-139-iq-good","/iq-score-interpreter?score=139","Templated score page consolidated into the interactive interpreter"
"/is-140-iq-good","/iq-score-interpreter?score=140","Templated score page consolidated into the interactive interpreter"
"/is-141-iq-good","/iq-score-interpreter?score=141","Templated score page consolidated into the interactive interpreter"
"/is-142-iq-good","/iq-score-interpreter?score=142","Templated score page consolidated into the interactive interpreter"
"/is-143-iq-good","/iq-score-interpreter?score=143","Templated score page consolidated into the interactive interpreter"
"/is-144-iq-good","/iq-score-interpreter?score=144","Templated score page consolidated into the interactive interpreter"
"/is-145-iq-good","/iq-score-interpreter?score=145","Templated score page consolidated into the interactive interpreter"
"/is-146-iq-good","/iq-score-interpreter?score=146","Templated score page consolidated into the interactive interpreter"
"/is-147-iq-good","/iq-score-interpreter?score=147","Templated score page consolidated into the interactive interpreter"
"/is-148-iq-good","/iq-score-interpreter?score=148","Templated score page consolidated into the interactive interpreter"
"/is-149-iq-good","/iq-score-interpreter?score=149","Templated score page consolidated into the interactive interpreter"
"/is-150-iq-good","/iq-score-interpreter?score=150","Templated score page consolidated into the interactive interpreter"
"/is-152-iq-good","/iq-score-interpreter?score=152","Templated score page consolidated into the interactive interpreter"
"/is-155-iq-good","/iq-score-interpreter?score=155","Templated score page consolidated into the interactive interpreter"
"/is-158-iq-good","/iq-score-interpreter?score=158","Templated score page consolidated into the interactive interpreter"
"/is-160-iq-good","/iq-score-interpreter?score=160","Templated score page consolidated into the interactive interpreter"
"/is-165-iq-good","/iq-score-interpreter?score=165","Templated score page consolidated into the interactive interpreter"
"/is-170-iq-good","/iq-score-interpreter?score=170","Templated score page consolidated into the interactive interpreter"
"/is-175-iq-good","/iq-score-interpreter?score=175","Templated score page consolidated into the interactive interpreter"
"/is-180-iq-good","/iq-score-interpreter?score=180","Templated score page consolidated into the interactive interpreter"
"/is-190-iq-good","/iq-score-interpreter?score=190","Templated score page consolidated into the interactive interpreter"
"/is-200-iq-good","/iq-score-interpreter?score=200","Templated score page consolidated into the interactive interpreter"
"/average-iq/japan","/average-iq-by-country","Mixed-source country estimate consolidated into methodology-focused hub"
"/average-iq/south-korea","/average-iq-by-country","Mixed-source country estimate consolidated into methodology-focused hub"
"/average-iq/china","/average-iq-by-country","Mixed-source country estimate consolidated into methodology-focused hub"
"/average-iq/taiwan","/average-iq-by-country","Mixed-source country estimate consolidated into methodology-focused hub"
"/average-iq/singapore","/average-iq-by-country","Mixed-source country estimate consolidated into methodology-focused hub"
"/average-iq/hong-kong","/average-iq-by-country","Mixed-source country estimate consolidated into methodology-focused hub"
"/average-iq/netherlands","/average-iq-by-country","Mixed-source country estimate consolidated into methodology-focused hub"
"/average-iq/switzerland","/average-iq-by-country","Mixed-source country estimate consolidated into methodology-focused hub"
"/average-iq/finland","/average-iq-by-country","Mixed-source country estimate consolidated into methodology-focused hub"
"/average-iq/germany","/average-iq-by-country","Mixed-source country estimate consolidated into methodology-focused hub"
"/average-iq/united-kingdom","/average-iq-by-country","Mixed-source country estimate consolidated into methodology-focused hub"
"/average-iq/ireland","/average-iq-by-country","Mixed-source country estimate consolidated into methodology-focused hub"
"/average-iq/austria","/average-iq-by-country","Mixed-source country estimate consolidated into methodology-focused hub"
"/average-iq/belgium","/average-iq-by-country","Mixed-source country estimate consolidated into methodology-focused hub"
"/average-iq/canada","/average-iq-by-country","Mixed-source country estimate consolidated into methodology-focused hub"
"/average-iq/australia","/average-iq-by-country","Mixed-source country estimate consolidated into methodology-focused hub"
"/average-iq/sweden","/average-iq-by-country","Mixed-source country estimate consolidated into methodology-focused hub"
"/average-iq/norway","/average-iq-by-country","Mixed-source country estimate consolidated into methodology-focused hub"
"/average-iq/poland","/average-iq-by-country","Mixed-source country estimate consolidated into methodology-focused hub"
"/average-iq/new-zealand","/average-iq-by-country","Mixed-source country estimate consolidated into methodology-focused hub"
"/average-iq/france","/average-iq-by-country","Mixed-source country estimate consolidated into methodology-focused hub"
"/average-iq/united-states","/average-iq-by-country","Mixed-source country estimate consolidated into methodology-focused hub"
"/average-iq/czech-republic","/average-iq-by-country","Mixed-source country estimate consolidated into methodology-focused hub"
"/average-iq/hungary","/average-iq-by-country","Mixed-source country estimate consolidated into methodology-focused hub"
"/average-iq/italy","/average-iq-by-country","Mixed-source country estimate consolidated into methodology-focused hub"
"/average-iq/spain","/average-iq-by-country","Mixed-source country estimate consolidated into methodology-focused hub"
"/average-iq/russia","/average-iq-by-country","Mixed-source country estimate consolidated into methodology-focused hub"
"/average-iq/israel","/average-iq-by-country","Mixed-source country estimate consolidated into methodology-focused hub"
"/average-iq/portugal","/average-iq-by-country","Mixed-source country estimate consolidated into methodology-focused hub"
"/average-iq/vietnam","/average-iq-by-country","Mixed-source country estimate consolidated into methodology-focused hub"
"/average-iq/argentina","/average-iq-by-country","Mixed-source country estimate consolidated into methodology-focused hub"
"/average-iq/greece","/average-iq-by-country","Mixed-source country estimate consolidated into methodology-focused hub"
"/average-iq/thailand","/average-iq-by-country","Mixed-source country estimate consolidated into methodology-focused hub"
"/average-iq/turkey","/average-iq-by-country","Mixed-source country estimate consolidated into methodology-focused hub"
"/average-iq/colombia","/average-iq-by-country","Mixed-source country estimate consolidated into methodology-focused hub"
"/average-iq/brazil","/average-iq-by-country","Mixed-source country estimate consolidated into methodology-focused hub"
"/average-iq/mexico","/average-iq-by-country","Mixed-source country estimate consolidated into methodology-focused hub"
"/average-iq/philippines","/average-iq-by-country","Mixed-source country estimate consolidated into methodology-focused hub"
"/average-iq/uae","/average-iq-by-country","Mixed-source country estimate consolidated into methodology-focused hub"
"/average-iq/indonesia","/average-iq-by-country","Mixed-source country estimate consolidated into methodology-focused hub"
"/average-iq/iran","/average-iq-by-country","Mixed-source country estimate consolidated into methodology-focused hub"
"/average-iq/pakistan","/average-iq-by-country","Mixed-source country estimate consolidated into methodology-focused hub"
"/average-iq/saudi-arabia","/average-iq-by-country","Mixed-source country estimate consolidated into methodology-focused hub"
"/average-iq/egypt","/average-iq-by-country","Mixed-source country estimate consolidated into methodology-focused hub"
"/average-iq/india","/average-iq-by-country","Mixed-source country estimate consolidated into methodology-focused hub"
"/average-iq/kenya","/average-iq-by-country","Mixed-source country estimate consolidated into methodology-focused hub"
"/average-iq/south-africa","/average-iq-by-country","Mixed-source country estimate consolidated into methodology-focused hub"
"/average-iq/nigeria","/average-iq-by-country","Mixed-source country estimate consolidated into methodology-focused hub"
"/average-iq/ghana","/average-iq-by-country","Mixed-source country estimate consolidated into methodology-focused hub"
"/average-iq/ethiopia","/average-iq-by-country","Mixed-source country estimate consolidated into methodology-focused hub"
"/iq-needed-for/doctor","/iq-by-career","Unsupported job IQ cutoff consolidated into job-skill guidance"
"/iq-needed-for/lawyer","/iq-by-career","Unsupported job IQ cutoff consolidated into job-skill guidance"
"/iq-needed-for/engineer","/iq-by-career","Unsupported job IQ cutoff consolidated into job-skill guidance"
"/iq-needed-for/software-developer","/iq-by-career","Unsupported job IQ cutoff consolidated into job-skill guidance"
"/iq-needed-for/teacher","/iq-by-career","Unsupported job IQ cutoff consolidated into job-skill guidance"
"/iq-needed-for/nurse","/iq-by-career","Unsupported job IQ cutoff consolidated into job-skill guidance"
"/iq-needed-for/accountant","/iq-by-career","Unsupported job IQ cutoff consolidated into job-skill guidance"
"/iq-needed-for/police-officer","/iq-by-career","Unsupported job IQ cutoff consolidated into job-skill guidance"
"/iq-needed-for/electrician","/iq-by-career","Unsupported job IQ cutoff consolidated into job-skill guidance"
"/iq-needed-for/plumber","/iq-by-career","Unsupported job IQ cutoff consolidated into job-skill guidance"
"/iq-needed-for/data-scientist","/iq-by-career","Unsupported job IQ cutoff consolidated into job-skill guidance"
"/iq-needed-for/architect","/iq-by-career","Unsupported job IQ cutoff consolidated into job-skill guidance"
"/iq-needed-for/pharmacist","/iq-by-career","Unsupported job IQ cutoff consolidated into job-skill guidance"
"/iq-needed-for/dentist","/iq-by-career","Unsupported job IQ cutoff consolidated into job-skill guidance"
"/iq-needed-for/firefighter","/iq-by-career","Unsupported job IQ cutoff consolidated into job-skill guidance"
"/iq-needed-for/military-officer","/iq-by-career","Unsupported job IQ cutoff consolidated into job-skill guidance"
"/iq-needed-for/professor","/iq-by-career","Unsupported job IQ cutoff consolidated into job-skill guidance"
"/iq-needed-for/social-worker","/iq-by-career","Unsupported job IQ cutoff consolidated into job-skill guidance"
"/iq-needed-for/pilot","/iq-by-career","Unsupported job IQ cutoff consolidated into job-skill guidance"
"/iq-needed-for/judge","/iq-by-career","Unsupported job IQ cutoff consolidated into job-skill guidance"
"/iq-needed-for/psychologist","/iq-by-career","Unsupported job IQ cutoff consolidated into job-skill guidance"
"/iq-needed-for/veterinarian","/iq-by-career","Unsupported job IQ cutoff consolidated into job-skill guidance"
"/iq-needed-for/surgeon","/iq-by-career","Unsupported job IQ cutoff consolidated into job-skill guidance"
"/iq-needed-for/scientist","/iq-by-career","Unsupported job IQ cutoff consolidated into job-skill guidance"
"/iq-needed-for/graphic-designer","/iq-by-career","Unsupported job IQ cutoff consolidated into job-skill guidance"
"/iq-needed-for/chef","/iq-by-career","Unsupported job IQ cutoff consolidated into job-skill guidance"
"/iq-needed-for/real-estate-agent","/iq-by-career","Unsupported job IQ cutoff consolidated into job-skill guidance"
"/iq-needed-for/paramedic","/iq-by-career","Unsupported job IQ cutoff consolidated into job-skill guidance"
"/iq-needed-for/truck-driver","/iq-by-career","Unsupported job IQ cutoff consolidated into job-skill guidance"
"/iq-needed-for/journalist","/iq-by-career","Unsupported job IQ cutoff consolidated into job-skill guidance"
"/iq-needed-for/mathematician","/iq-by-career","Unsupported job IQ cutoff consolidated into job-skill guidance"
"/iq-needed-for/professional-athlete","/iq-by-career","Unsupported job IQ cutoff consolidated into job-skill guidance"
"/iq-needed-for/welder","/iq-by-career","Unsupported job IQ cutoff consolidated into job-skill guidance"
"/iq-needed-for/ceo","/iq-by-career","Unsupported job IQ cutoff consolidated into job-skill guidance"
"/iq-needed-for/mechanic","/iq-by-career","Unsupported job IQ cutoff consolidated into job-skill guidance"
"/iq-needed-for/physical-therapist","/iq-by-career","Unsupported job IQ cutoff consolidated into job-skill guidance"
"/iq-needed-for/pharmacy-technician","/iq-by-career","Unsupported job IQ cutoff consolidated into job-skill guidance"
"/iq-needed-for/carpenter","/iq-by-career","Unsupported job IQ cutoff consolidated into job-skill guidance"
"/iq-needed-for/investment-banker","/iq-by-career","Unsupported job IQ cutoff consolidated into job-skill guidance"
"/iq-needed-for/airline-pilot","/iq-by-career","Unsupported job IQ cutoff consolidated into job-skill guidance"
"/iq-needed-for/marketing-manager","/iq-by-career","Unsupported job IQ cutoff consolidated into job-skill guidance"
"/iq-needed-for/registered-dietitian","/iq-by-career","Unsupported job IQ cutoff consolidated into job-skill guidance"
"/iq-needed-for/cybersecurity-analyst","/iq-by-career","Unsupported job IQ cutoff consolidated into job-skill guidance"
"/iq-needed-for/dental-hygienist","/iq-by-career","Unsupported job IQ cutoff consolidated into job-skill guidance"
"/iq-needed-for/project-manager","/iq-by-career","Unsupported job IQ cutoff consolidated into job-skill guidance"
"/iq-needed-for/occupational-therapist","/iq-by-career","Unsupported job IQ cutoff consolidated into job-skill guidance"
"/iq-needed-for/master-electrician","/iq-by-career","Unsupported job IQ cutoff consolidated into job-skill guidance"
"/iq-needed-for/physician-assistant","/iq-by-career","Unsupported job IQ cutoff consolidated into job-skill guidance"
"/iq-needed-for/ux-designer","/iq-by-career","Unsupported job IQ cutoff consolidated into job-skill guidance"
"/iq-needed-for/financial-analyst","/iq-by-career","Unsupported job IQ cutoff consolidated into job-skill guidance"
"/iq-needed-for/radiologist","/iq-by-career","Unsupported job IQ cutoff consolidated into job-skill guidance"
"/iq-needed-for/clinical-pharmacist","/iq-by-career","Unsupported job IQ cutoff consolidated into job-skill guidance"
"/iq-needed-for/actuary","/iq-by-career","Unsupported job IQ cutoff consolidated into job-skill guidance"
"/iq-needed-for/economist","/iq-by-career","Unsupported job IQ cutoff consolidated into job-skill guidance"
"/iq-needed-for/nurse-practitioner","/iq-by-career","Unsupported job IQ cutoff consolidated into job-skill guidance"
"/iq-needed-for/speech-language-pathologist","/iq-by-career","Unsupported job IQ cutoff consolidated into job-skill guidance"
"/iq-needed-for/personal-trainer","/iq-by-career","Unsupported job IQ cutoff consolidated into job-skill guidance"
"/iq-needed-for/anesthesiologist","/iq-by-career","Unsupported job IQ cutoff consolidated into job-skill guidance"
"/iq-needed-for/content-creator","/iq-by-career","Unsupported job IQ cutoff consolidated into job-skill guidance"
"/iq-needed-for/retail-pharmacist","/iq-by-career","Unsupported job IQ cutoff consolidated into job-skill guidance"
"/iq-needed-for/veterinary-technician","/iq-by-career","Unsupported job IQ cutoff consolidated into job-skill guidance"
"/iq-needed-for/blockchain-developer","/iq-by-career","Unsupported job IQ cutoff consolidated into job-skill guidance"
"/iq-needed-for/pharmacologist","/iq-by-career","Unsupported job IQ cutoff consolidated into job-skill guidance"
"/iq-needed-for/air-traffic-controller","/iq-by-career","Unsupported job IQ cutoff consolidated into job-skill guidance"
"/iq-needed-for/optometrist","/iq-by-career","Unsupported job IQ cutoff consolidated into job-skill guidance"
"/iq-needed-for/hvac-technician","/iq-by-career","Unsupported job IQ cutoff consolidated into job-skill guidance"
"/iq-needed-for/chiropractor","/iq-by-career","Unsupported job IQ cutoff consolidated into job-skill guidance"
"/iq-needed-for/biomedical-engineer","/iq-by-career","Unsupported job IQ cutoff consolidated into job-skill guidance"
"/iq-needed-for/real-estate-appraiser","/iq-by-career","Unsupported job IQ cutoff consolidated into job-skill guidance"
"/iq-needed-for/primary-care-physician","/iq-by-career","Unsupported job IQ cutoff consolidated into job-skill guidance"
"/iq-needed-for/video-game-developer","/iq-by-career","Unsupported job IQ cutoff consolidated into job-skill guidance"
"/iq-needed-for/forensic-scientist","/iq-by-career","Unsupported job IQ cutoff consolidated into job-skill guidance"
"/iq-needed-for/librarian","/iq-by-career","Unsupported job IQ cutoff consolidated into job-skill guidance"
"/iq-needed-for/mechanical-engineer","/iq-by-career","Unsupported job IQ cutoff consolidated into job-skill guidance"
"/iq-needed-for/insurance-actuary","/iq-by-career","Unsupported job IQ cutoff consolidated into job-skill guidance"
"/iq-needed-for/social-media-manager","/iq-by-career","Unsupported job IQ cutoff consolidated into job-skill guidance"
"/iq-needed-for/dermatologist","/iq-by-career","Unsupported job IQ cutoff consolidated into job-skill guidance"
"/iq-needed-for/athletic-trainer","/iq-by-career","Unsupported job IQ cutoff consolidated into job-skill guidance"
"/iq-needed-for/clinical-psychologist","/iq-by-career","Unsupported job IQ cutoff consolidated into job-skill guidance"
"/iq-needed-for/film-director","/iq-by-career","Unsupported job IQ cutoff consolidated into job-skill guidance"
"/iq-needed-for/psychiatric-nurse","/iq-by-career","Unsupported job IQ cutoff consolidated into job-skill guidance"
"/iq-needed-for/dental-assistant","/iq-by-career","Unsupported job IQ cutoff consolidated into job-skill guidance"
"/iq-needed-for/emt","/iq-by-career","Unsupported job IQ cutoff consolidated into job-skill guidance"
"/iq-needed-for/orthodontist","/iq-by-career","Unsupported job IQ cutoff consolidated into job-skill guidance"
"/iq-needed-for/epidemiologist","/iq-by-career","Unsupported job IQ cutoff consolidated into job-skill guidance"
"/iq-needed-for/landscape-architect","/iq-by-career","Unsupported job IQ cutoff consolidated into job-skill guidance"
"/iq-needed-for/management-consultant","/iq-by-career","Unsupported job IQ cutoff consolidated into job-skill guidance"
"/iq-needed-for/audiologist","/iq-by-career","Unsupported job IQ cutoff consolidated into job-skill guidance"
"/iq-needed-for/art-director","/iq-by-career","Unsupported job IQ cutoff consolidated into job-skill guidance"
"/iq-needed-for/genetic-counselor","/iq-by-career","Unsupported job IQ cutoff consolidated into job-skill guidance"
"/iq-needed-for/interpreter-translator","/iq-by-career","Unsupported job IQ cutoff consolidated into job-skill guidance"
"/iq-needed-for/nuclear-engineer","/iq-by-career","Unsupported job IQ cutoff consolidated into job-skill guidance"
"/iq-needed-for/clinical-research-coordinator","/iq-by-career","Unsupported job IQ cutoff consolidated into job-skill guidance"
"/iq-needed-for/urban-planner","/iq-by-career","Unsupported job IQ cutoff consolidated into job-skill guidance"
"/iq-needed-for/veterinary-surgeon","/iq-by-career","Unsupported job IQ cutoff consolidated into job-skill guidance"
"/iq-needed-for/ethical-hacker","/iq-by-career","Unsupported job IQ cutoff consolidated into job-skill guidance"
"/iq-needed-for/neurosurgeon","/iq-by-career","Unsupported job IQ cutoff consolidated into job-skill guidance"
"/iq-needed-for/patent-attorney","/iq-by-career","Unsupported job IQ cutoff consolidated into job-skill guidance"
"/iq-needed-for/database-administrator","/iq-by-career","Unsupported job IQ cutoff consolidated into job-skill guidance"
"/iq-needed-for/physical-education-teacher","/iq-by-career","Unsupported job IQ cutoff consolidated into job-skill guidance"
"/iq-needed-for/cloud-architect","/iq-by-career","Unsupported job IQ cutoff consolidated into job-skill guidance"
"/iq-needed-for/nurse-anesthetist","/iq-by-career","Unsupported job IQ cutoff consolidated into job-skill guidance"
"/iq-needed-for/statistician","/iq-by-career","Unsupported job IQ cutoff consolidated into job-skill guidance"
"/iq-needed-for/speech-writer","/iq-by-career","Unsupported job IQ cutoff consolidated into job-skill guidance"
"/iq-needed-for/robotics-engineer","/iq-by-career","Unsupported job IQ cutoff consolidated into job-skill guidance"
"/iq-needed-for/marriage-family-therapist","/iq-by-career","Unsupported job IQ cutoff consolidated into job-skill guidance"
"/iq-needed-for/software-engineer","/iq-by-career","Unsupported job IQ cutoff consolidated into job-skill guidance"
"/iq-needed-for/astronaut","/iq-by-career","Unsupported job IQ cutoff consolidated into job-skill guidance"
"/iq-by-age/children","/what-is-iq","Unsupported age estimate consolidated into standardized-score explainer"
"/iq-by-age/teenagers","/what-is-iq","Unsupported age estimate consolidated into standardized-score explainer"
"/iq-by-age/young-adults","/what-is-iq","Unsupported age estimate consolidated into standardized-score explainer"
"/iq-by-age/adults","/what-is-iq","Unsupported age estimate consolidated into standardized-score explainer"
"/iq-by-age/older-adults","/what-is-iq","Unsupported age estimate consolidated into standardized-score explainer"
"/iq-by-age/seniors","/what-is-iq","Unsupported age estimate consolidated into standardized-score explainer"
"/famous-iq/albert-einstein","/famous-iq","Unauthenticated individual estimate consolidated into evidence-checking guide"
"/famous-iq/stephen-hawking","/famous-iq","Unauthenticated individual estimate consolidated into evidence-checking guide"
"/famous-iq/elon-musk","/famous-iq","Unauthenticated individual estimate consolidated into evidence-checking guide"
"/famous-iq/leonardo-da-vinci","/famous-iq","Unauthenticated individual estimate consolidated into evidence-checking guide"
"/famous-iq/nikola-tesla","/famous-iq","Unauthenticated individual estimate consolidated into evidence-checking guide"
"/famous-iq/bill-gates","/famous-iq","Unauthenticated individual estimate consolidated into evidence-checking guide"
"/famous-iq/marie-curie","/famous-iq","Unauthenticated individual estimate consolidated into evidence-checking guide"
"/famous-iq/isaac-newton","/famous-iq","Unauthenticated individual estimate consolidated into evidence-checking guide"
"/famous-iq/steve-jobs","/famous-iq","Unauthenticated individual estimate consolidated into evidence-checking guide"
"/famous-iq/mark-zuckerberg","/famous-iq","Unauthenticated individual estimate consolidated into evidence-checking guide"
"/famous-iq/barack-obama","/famous-iq","Unauthenticated individual estimate consolidated into evidence-checking guide"
"/famous-iq/kim-kardashian","/famous-iq","Unauthenticated individual estimate consolidated into evidence-checking guide"
"/famous-iq/cristiano-ronaldo","/famous-iq","Unauthenticated individual estimate consolidated into evidence-checking guide"
"/famous-iq/jeff-bezos","/famous-iq","Unauthenticated individual estimate consolidated into evidence-checking guide"
"/famous-iq/oprah-winfrey","/famous-iq","Unauthenticated individual estimate consolidated into evidence-checking guide"
"/famous-iq/richard-feynman","/famous-iq","Unauthenticated individual estimate consolidated into evidence-checking guide"
"/famous-iq/taylor-swift","/famous-iq","Unauthenticated individual estimate consolidated into evidence-checking guide"
"/famous-iq/warren-buffett","/famous-iq","Unauthenticated individual estimate consolidated into evidence-checking guide"
"/famous-iq/kanye-west","/famous-iq","Unauthenticated individual estimate consolidated into evidence-checking guide"
"/famous-iq/shakira","/famous-iq","Unauthenticated individual estimate consolidated into evidence-checking guide"
"/famous-iq/benjamin-franklin","/famous-iq","Unauthenticated individual estimate consolidated into evidence-checking guide"
"/famous-iq/marilyn-monroe","/famous-iq","Unauthenticated individual estimate consolidated into evidence-checking guide"
"/famous-iq/lebron-james","/famous-iq","Unauthenticated individual estimate consolidated into evidence-checking guide"
"/famous-iq/donald-trump","/famous-iq","Unauthenticated individual estimate consolidated into evidence-checking guide"
"/famous-iq/garry-kasparov","/famous-iq","Unauthenticated individual estimate consolidated into evidence-checking guide"
"/famous-iq/beyonce","/famous-iq","Unauthenticated individual estimate consolidated into evidence-checking guide"
"/famous-iq/snoop-dogg","/famous-iq","Unauthenticated individual estimate consolidated into evidence-checking guide"
"/famous-iq/jodie-foster","/famous-iq","Unauthenticated individual estimate consolidated into evidence-checking guide"
"/famous-iq/dolph-lundgren","/famous-iq","Unauthenticated individual estimate consolidated into evidence-checking guide"
"/famous-iq/james-woods","/famous-iq","Unauthenticated individual estimate consolidated into evidence-checking guide"
"/famous-iq/natalie-portman","/famous-iq","Unauthenticated individual estimate consolidated into evidence-checking guide"
"/famous-iq/stephen-curry","/famous-iq","Unauthenticated individual estimate consolidated into evidence-checking guide"
"/famous-iq/keanu-reeves","/famous-iq","Unauthenticated individual estimate consolidated into evidence-checking guide"
"/famous-iq/lady-gaga","/famous-iq","Unauthenticated individual estimate consolidated into evidence-checking guide"
"/famous-iq/neil-degrasse-tyson","/famous-iq","Unauthenticated individual estimate consolidated into evidence-checking guide"
"/famous-iq/lionel-messi","/famous-iq","Unauthenticated individual estimate consolidated into evidence-checking guide"
"/famous-iq/ashton-kutcher","/famous-iq","Unauthenticated individual estimate consolidated into evidence-checking guide"
"/famous-iq/quentin-tarantino","/famous-iq","Unauthenticated individual estimate consolidated into evidence-checking guide"
"/famous-iq/serena-williams","/famous-iq","Unauthenticated individual estimate consolidated into evidence-checking guide"
"/famous-iq/rihanna","/famous-iq","Unauthenticated individual estimate consolidated into evidence-checking guide"
"/famous-iq/jay-z","/famous-iq","Unauthenticated individual estimate consolidated into evidence-checking guide"
"/famous-iq/tom-brady","/famous-iq","Unauthenticated individual estimate consolidated into evidence-checking guide"
"/famous-iq/mayim-bialik","/famous-iq","Unauthenticated individual estimate consolidated into evidence-checking guide"
"/famous-iq/travis-kelce","/famous-iq","Unauthenticated individual estimate consolidated into evidence-checking guide"
"/famous-iq/emma-watson","/famous-iq","Unauthenticated individual estimate consolidated into evidence-checking guide"
"/famous-iq/michael-jordan","/famous-iq","Unauthenticated individual estimate consolidated into evidence-checking guide"
"/famous-iq/nikola-jokic","/famous-iq","Unauthenticated individual estimate consolidated into evidence-checking guide"
"/famous-iq/kendrick-lamar","/famous-iq","Unauthenticated individual estimate consolidated into evidence-checking guide"
"/famous-iq/michio-kaku","/famous-iq","Unauthenticated individual estimate consolidated into evidence-checking guide"
"/famous-iq/magnus-carlsen","/famous-iq","Unauthenticated individual estimate consolidated into evidence-checking guide"
"/famous-iq/gordon-ramsay","/famous-iq","Unauthenticated individual estimate consolidated into evidence-checking guide"
"/famous-iq/alexandria-ocasio-cortez","/famous-iq","Unauthenticated individual estimate consolidated into evidence-checking guide"
"/famous-iq/pablo-picasso","/famous-iq","Unauthenticated individual estimate consolidated into evidence-checking guide"
"/famous-iq/elon-musk-children-iq","/famous-iq","Unauthenticated individual estimate consolidated into evidence-checking guide"
"/famous-iq/andrew-tate","/famous-iq","Unauthenticated individual estimate consolidated into evidence-checking guide"
"/famous-iq/cardi-b","/famous-iq","Unauthenticated individual estimate consolidated into evidence-checking guide"
"/famous-iq/joe-rogan","/famous-iq","Unauthenticated individual estimate consolidated into evidence-checking guide"
"/famous-iq/mrbeast","/famous-iq","Unauthenticated individual estimate consolidated into evidence-checking guide"
"/famous-iq/greta-thunberg","/famous-iq","Unauthenticated individual estimate consolidated into evidence-checking guide"
"/famous-iq/patrick-mahomes","/famous-iq","Unauthenticated individual estimate consolidated into evidence-checking guide"
"/famous-iq/wolfgang-mozart","/famous-iq","Unauthenticated individual estimate consolidated into evidence-checking guide"
"/famous-iq/mark-cuban","/famous-iq","Unauthenticated individual estimate consolidated into evidence-checking guide"
"/famous-iq/eminem","/famous-iq","Unauthenticated individual estimate consolidated into evidence-checking guide"
"/famous-iq/simone-biles","/famous-iq","Unauthenticated individual estimate consolidated into evidence-checking guide"
"/famous-iq/tim-cook","/famous-iq","Unauthenticated individual estimate consolidated into evidence-checking guide"
"/famous-iq/terence-tao","/famous-iq","Unauthenticated individual estimate consolidated into evidence-checking guide"
"/famous-iq/kobe-bryant","/famous-iq","Unauthenticated individual estimate consolidated into evidence-checking guide"
"/famous-iq/sundar-pichai","/famous-iq","Unauthenticated individual estimate consolidated into evidence-checking guide"
"/famous-iq/kylie-jenner","/famous-iq","Unauthenticated individual estimate consolidated into evidence-checking guide"
"/famous-iq/billie-eilish","/famous-iq","Unauthenticated individual estimate consolidated into evidence-checking guide"
"/famous-iq/lionel-richie","/famous-iq","Unauthenticated individual estimate consolidated into evidence-checking guide"
"/famous-iq/ruth-bader-ginsburg","/famous-iq","Unauthenticated individual estimate consolidated into evidence-checking guide"
"/famous-iq/dwayne-johnson","/famous-iq","Unauthenticated individual estimate consolidated into evidence-checking guide"
"/famous-iq/malala-yousafzai","/famous-iq","Unauthenticated individual estimate consolidated into evidence-checking guide"
"/famous-iq/jeff-goldblum","/famous-iq","Unauthenticated individual estimate consolidated into evidence-checking guide"
"/famous-iq/viswanathan-anand","/famous-iq","Unauthenticated individual estimate consolidated into evidence-checking guide"
"/famous-iq/nicki-minaj","/famous-iq","Unauthenticated individual estimate consolidated into evidence-checking guide"
"/famous-iq/ariana-grande","/famous-iq","Unauthenticated individual estimate consolidated into evidence-checking guide"
"/famous-iq/satya-nadella","/famous-iq","Unauthenticated individual estimate consolidated into evidence-checking guide"
"/famous-iq/post-malone","/famous-iq","Unauthenticated individual estimate consolidated into evidence-checking guide"
"/famous-iq/michelle-obama","/famous-iq","Unauthenticated individual estimate consolidated into evidence-checking guide"
"/famous-iq/novak-djokovic","/famous-iq","Unauthenticated individual estimate consolidated into evidence-checking guide"
"/famous-iq/travis-scott","/famous-iq","Unauthenticated individual estimate consolidated into evidence-checking guide"
"/famous-iq/zendaya","/famous-iq","Unauthenticated individual estimate consolidated into evidence-checking guide"
"/famous-iq/roger-federer","/famous-iq","Unauthenticated individual estimate consolidated into evidence-checking guide"
"/famous-iq/ronda-rousey","/famous-iq","Unauthenticated individual estimate consolidated into evidence-checking guide"
"/famous-iq/neil-armstrong","/famous-iq","Unauthenticated individual estimate consolidated into evidence-checking guide"
"/famous-iq/adele","/famous-iq","Unauthenticated individual estimate consolidated into evidence-checking guide"
"/famous-iq/usain-bolt","/famous-iq","Unauthenticated individual estimate consolidated into evidence-checking guide"
"/famous-iq/sam-altman","/famous-iq","Unauthenticated individual estimate consolidated into evidence-checking guide"
"/famous-iq/dolly-parton","/famous-iq","Unauthenticated individual estimate consolidated into evidence-checking guide"
"/famous-iq/lewis-hamilton","/famous-iq","Unauthenticated individual estimate consolidated into evidence-checking guide"
"/famous-iq/drake","/famous-iq","Unauthenticated individual estimate consolidated into evidence-checking guide"
"/famous-iq/jensen-huang","/famous-iq","Unauthenticated individual estimate consolidated into evidence-checking guide"
"/famous-iq/will-smith","/famous-iq","Unauthenticated individual estimate consolidated into evidence-checking guide"
"/famous-iq/selena-gomez","/famous-iq","Unauthenticated individual estimate consolidated into evidence-checking guide"
"/famous-iq/charles-darwin","/famous-iq","Unauthenticated individual estimate consolidated into evidence-checking guide"
"/famous-iq/ada-lovelace","/famous-iq","Unauthenticated individual estimate consolidated into evidence-checking guide"
"/famous-iq/tyler-perry","/famous-iq","Unauthenticated individual estimate consolidated into evidence-checking guide"
"/famous-iq/bad-bunny","/famous-iq","Unauthenticated individual estimate consolidated into evidence-checking guide"
"/famous-iq/yo-yo-ma","/famous-iq","Unauthenticated individual estimate consolidated into evidence-checking guide"
"/famous-iq/giannis-antetokounmpo","/famous-iq","Unauthenticated individual estimate consolidated into evidence-checking guide"
"/famous-iq/jk-rowling","/famous-iq","Unauthenticated individual estimate consolidated into evidence-checking guide"
"/famous-iq/sachin-tendulkar","/famous-iq","Unauthenticated individual estimate consolidated into evidence-checking guide"
"/famous-iq/jeffrey-epstein","/famous-iq","Unauthenticated individual estimate consolidated into evidence-checking guide"
"/famous-iq/michael-jackson","/famous-iq","Unauthenticated individual estimate consolidated into evidence-checking guide"
"/famous-iq/tiger-woods","/famous-iq","Unauthenticated individual estimate consolidated into evidence-checking guide"
"/famous-iq/vladimir-putin","/famous-iq","Unauthenticated individual estimate consolidated into evidence-checking guide"
"/famous-iq/joe-biden","/famous-iq","Unauthenticated individual estimate consolidated into evidence-checking guide"
"/famous-iq/kamala-harris","/famous-iq","Unauthenticated individual estimate consolidated into evidence-checking guide"
"/famous-iq/xi-jinping","/famous-iq","Unauthenticated individual estimate consolidated into evidence-checking guide"
"/famous-iq/the-weeknd","/famous-iq","Unauthenticated individual estimate consolidated into evidence-checking guide"
"/famous-iq/dua-lipa","/famous-iq","Unauthenticated individual estimate consolidated into evidence-checking guide"
"/famous-iq/barron-trump","/famous-iq","Unauthenticated individual estimate consolidated into evidence-checking guide"
"/famous-iq/sabrina-carpenter","/famous-iq","Unauthenticated individual estimate consolidated into evidence-checking guide"
"/famous-iq/ishowspeed","/famous-iq","Unauthenticated individual estimate consolidated into evidence-checking guide"
"/famous-iq/kai-cenat","/famous-iq","Unauthenticated individual estimate consolidated into evidence-checking guide"
"/famous-iq/harry-styles","/famous-iq","Unauthenticated individual estimate consolidated into evidence-checking guide"
"/famous-iq/ryan-reynolds","/famous-iq","Unauthenticated individual estimate consolidated into evidence-checking guide"
"/famous-iq/pedro-pascal","/famous-iq","Unauthenticated individual estimate consolidated into evidence-checking guide"
"/famous-iq/chappell-roan","/famous-iq","Unauthenticated individual estimate consolidated into evidence-checking guide"
"/famous-iq/peso-pluma","/famous-iq","Unauthenticated individual estimate consolidated into evidence-checking guide"
"/famous-iq/jungkook-bts","/famous-iq","Unauthenticated individual estimate consolidated into evidence-checking guide"
"/iq-myths/do-video-games-make-you-smarter","/iq-myths","Near-duplicate myth page consolidated into one maintained fact-check hub"
"/iq-myths/mozart-effect-iq","/iq-myths","Near-duplicate myth page consolidated into one maintained fact-check hub"
"/iq-myths/birth-order-and-iq","/iq-myths","Near-duplicate myth page consolidated into one maintained fact-check hub"
"/iq-myths/does-iq-determine-success","/iq-myths","Near-duplicate myth page consolidated into one maintained fact-check hub"
"/iq-myths/iq-gender-differences","/iq-myths","Near-duplicate myth page consolidated into one maintained fact-check hub"
"/iq-myths/brain-size-and-iq","/iq-myths","Near-duplicate myth page consolidated into one maintained fact-check hub"
"/iq-myths/does-reading-make-you-smarter","/iq-myths","Near-duplicate myth page consolidated into one maintained fact-check hub"
"/iq-myths/is-iq-fixed-at-birth","/iq-myths","Near-duplicate myth page consolidated into one maintained fact-check hub"
"/iq-myths/bilingual-iq","/iq-myths","Near-duplicate myth page consolidated into one maintained fact-check hub"
"/iq-myths/only-child-iq","/iq-myths","Near-duplicate myth page consolidated into one maintained fact-check hub"
"/iq-myths/does-iq-decrease-with-age","/iq-myths","Near-duplicate myth page consolidated into one maintained fact-check hub"
"/iq-myths/does-alcohol-kill-brain-cells","/iq-myths","Near-duplicate myth page consolidated into one maintained fact-check hub"
"/iq-myths/is-iq-the-same-as-intelligence","/iq-myths","Near-duplicate myth page consolidated into one maintained fact-check hub"
"/iq-myths/does-marijuana-lower-iq","/iq-myths","Near-duplicate myth page consolidated into one maintained fact-check hub"
"/iq-myths/are-left-handed-people-smarter","/iq-myths","Near-duplicate myth page consolidated into one maintained fact-check hub"
"/iq-myths/does-coffee-make-you-smarter","/iq-myths","Near-duplicate myth page consolidated into one maintained fact-check hub"
"/iq-myths/height-and-iq","/iq-myths","Near-duplicate myth page consolidated into one maintained fact-check hub"
"/iq-myths/does-tv-lower-iq","/iq-myths","Near-duplicate myth page consolidated into one maintained fact-check hub"
"/iq-myths/iq-and-race","/iq-myths","Near-duplicate myth page consolidated into one maintained fact-check hub"
"/iq-myths/does-sleep-affect-iq","/iq-myths","Near-duplicate myth page consolidated into one maintained fact-check hub"
"/iq-myths/does-meditation-increase-iq","/iq-myths","Near-duplicate myth page consolidated into one maintained fact-check hub"
"/iq-myths/iq-and-mental-health","/iq-myths","Near-duplicate myth page consolidated into one maintained fact-check hub"
"/iq-myths/iq-supplements-nootropics","/iq-myths","Near-duplicate myth page consolidated into one maintained fact-check hub"
"/iq-myths/class-size-and-iq","/iq-myths","Near-duplicate myth page consolidated into one maintained fact-check hub"
"/iq-myths/does-exercise-increase-iq","/iq-myths","Near-duplicate myth page consolidated into one maintained fact-check hub"
"/iq-myths/multiple-types-of-intelligence","/iq-myths","Near-duplicate myth page consolidated into one maintained fact-check hub"
"/iq-myths/breastfeeding-and-iq","/iq-myths","Near-duplicate myth page consolidated into one maintained fact-check hub"
"/iq-myths/poverty-and-iq","/iq-myths","Near-duplicate myth page consolidated into one maintained fact-check hub"
"/iq-myths/iq-genetics","/iq-myths","Near-duplicate myth page consolidated into one maintained fact-check hub"
"/iq-myths/sugar-hyperactivity-iq","/iq-myths","Near-duplicate myth page consolidated into one maintained fact-check hub"
"/iq-myths/music-training-and-iq","/iq-myths","Near-duplicate myth page consolidated into one maintained fact-check hub"
"/iq-myths/iq-test-cultural-bias","/iq-myths","Near-duplicate myth page consolidated into one maintained fact-check hub"
"/iq-myths/internet-and-iq","/iq-myths","Near-duplicate myth page consolidated into one maintained fact-check hub"
"/iq-myths/trauma-and-iq","/iq-myths","Near-duplicate myth page consolidated into one maintained fact-check hub"
"/iq-myths/iq-and-creativity","/iq-myths","Near-duplicate myth page consolidated into one maintained fact-check hub"
"/iq-myths/cold-weather-and-iq","/iq-myths","Near-duplicate myth page consolidated into one maintained fact-check hub"
"/iq-myths/ideal-iq-score","/iq-myths","Near-duplicate myth page consolidated into one maintained fact-check hub"
"/iq-myths/dyslexia-and-iq","/iq-myths","Near-duplicate myth page consolidated into one maintained fact-check hub"
"/iq-myths/wealth-and-intelligence","/iq-myths","Near-duplicate myth page consolidated into one maintained fact-check hub"
"/iq-myths/iq-changes-throughout-day","/iq-myths","Near-duplicate myth page consolidated into one maintained fact-check hub"
"/iq-myths/introverts-vs-extroverts-iq","/iq-myths","Near-duplicate myth page consolidated into one maintained fact-check hub"
"/iq-myths/screen-time-children-iq","/iq-myths","Near-duplicate myth page consolidated into one maintained fact-check hub"
"/iq-myths/twins-and-iq","/iq-myths","Near-duplicate myth page consolidated into one maintained fact-check hub"
"/iq-myths/fasting-and-iq","/iq-myths","Near-duplicate myth page consolidated into one maintained fact-check hub"
"/iq-myths/does-money-increase-iq","/iq-myths","Near-duplicate myth page consolidated into one maintained fact-check hub"
"/iq-myths/vegan-diet-and-iq","/iq-myths","Near-duplicate myth page consolidated into one maintained fact-check hub"
"/iq-myths/handwriting-and-intelligence","/iq-myths","Near-duplicate myth page consolidated into one maintained fact-check hub"
"/iq-myths/multilingualism-increases-iq","/iq-myths","Near-duplicate myth page consolidated into one maintained fact-check hub"
"/iq-myths/is-iq-testing-outdated","/iq-myths","Near-duplicate myth page consolidated into one maintained fact-check hub"
"/iq-myths/does-chess-increase-iq","/iq-myths","Near-duplicate myth page consolidated into one maintained fact-check hub"
"/iq-myths/night-owls-smarter","/iq-myths","Near-duplicate myth page consolidated into one maintained fact-check hub"
"/iq-myths/podcasts-and-iq","/iq-myths","Near-duplicate myth page consolidated into one maintained fact-check hub"
"/iq-myths/vocabulary-and-iq","/iq-myths","Near-duplicate myth page consolidated into one maintained fact-check hub"
"/iq-myths/animal-intelligence-iq","/iq-myths","Near-duplicate myth page consolidated into one maintained fact-check hub"
"/average-iq-by-state/massachusetts","/average-iq-by-state","Inferred state IQ value consolidated into official-data methodology guide"
"/average-iq-by-state/new-hampshire","/average-iq-by-state","Inferred state IQ value consolidated into official-data methodology guide"
"/average-iq-by-state/vermont","/average-iq-by-state","Inferred state IQ value consolidated into official-data methodology guide"
"/average-iq-by-state/connecticut","/average-iq-by-state","Inferred state IQ value consolidated into official-data methodology guide"
"/average-iq-by-state/minnesota","/average-iq-by-state","Inferred state IQ value consolidated into official-data methodology guide"
"/average-iq-by-state/oregon","/average-iq-by-state","Inferred state IQ value consolidated into official-data methodology guide"
"/average-iq-by-state/washington","/average-iq-by-state","Inferred state IQ value consolidated into official-data methodology guide"
"/average-iq-by-state/new-jersey","/average-iq-by-state","Inferred state IQ value consolidated into official-data methodology guide"
"/average-iq-by-state/virginia","/average-iq-by-state","Inferred state IQ value consolidated into official-data methodology guide"
"/average-iq-by-state/wisconsin","/average-iq-by-state","Inferred state IQ value consolidated into official-data methodology guide"
"/average-iq-by-state/colorado","/average-iq-by-state","Inferred state IQ value consolidated into official-data methodology guide"
"/average-iq-by-state/california","/average-iq-by-state","Inferred state IQ value consolidated into official-data methodology guide"
"/average-iq-by-state/new-york","/average-iq-by-state","Inferred state IQ value consolidated into official-data methodology guide"
"/average-iq-by-state/illinois","/average-iq-by-state","Inferred state IQ value consolidated into official-data methodology guide"
"/average-iq-by-state/pennsylvania","/average-iq-by-state","Inferred state IQ value consolidated into official-data methodology guide"
"/average-iq-by-state/ohio","/average-iq-by-state","Inferred state IQ value consolidated into official-data methodology guide"
"/average-iq-by-state/texas","/average-iq-by-state","Inferred state IQ value consolidated into official-data methodology guide"
"/average-iq-by-state/florida","/average-iq-by-state","Inferred state IQ value consolidated into official-data methodology guide"
"/average-iq-by-state/georgia","/average-iq-by-state","Inferred state IQ value consolidated into official-data methodology guide"
"/average-iq-by-state/alabama","/average-iq-by-state","Inferred state IQ value consolidated into official-data methodology guide"
"/average-iq-by-state/louisiana","/average-iq-by-state","Inferred state IQ value consolidated into official-data methodology guide"
"/average-iq-by-state/mississippi","/average-iq-by-state","Inferred state IQ value consolidated into official-data methodology guide"
"/average-iq-by-state/north-carolina","/average-iq-by-state","Inferred state IQ value consolidated into official-data methodology guide"
"/average-iq-by-state/michigan","/average-iq-by-state","Inferred state IQ value consolidated into official-data methodology guide"
"/average-iq-by-state/arizona","/average-iq-by-state","Inferred state IQ value consolidated into official-data methodology guide"
"/average-iq-by-state/iowa","/average-iq-by-state","Inferred state IQ value consolidated into official-data methodology guide"
"/average-iq-by-state/maryland","/average-iq-by-state","Inferred state IQ value consolidated into official-data methodology guide"
"/average-iq-by-state/montana","/average-iq-by-state","Inferred state IQ value consolidated into official-data methodology guide"
"/average-iq-by-state/indiana","/average-iq-by-state","Inferred state IQ value consolidated into official-data methodology guide"
"/average-iq-by-state/south-carolina","/average-iq-by-state","Inferred state IQ value consolidated into official-data methodology guide"
"/average-iq-by-state/tennessee","/average-iq-by-state","Inferred state IQ value consolidated into official-data methodology guide"
"/average-iq-by-state/kentucky","/average-iq-by-state","Inferred state IQ value consolidated into official-data methodology guide"
"/average-iq-by-state/west-virginia","/average-iq-by-state","Inferred state IQ value consolidated into official-data methodology guide"
"/average-iq-by-state/nevada","/average-iq-by-state","Inferred state IQ value consolidated into official-data methodology guide"
"/average-iq-by-state/hawaii","/average-iq-by-state","Inferred state IQ value consolidated into official-data methodology guide"
"/average-iq-by-state/kansas","/average-iq-by-state","Inferred state IQ value consolidated into official-data methodology guide"
"/average-iq-by-state/utah","/average-iq-by-state","Inferred state IQ value consolidated into official-data methodology guide"
"/average-iq-by-state/nebraska","/average-iq-by-state","Inferred state IQ value consolidated into official-data methodology guide"
"/average-iq-by-state/missouri","/average-iq-by-state","Inferred state IQ value consolidated into official-data methodology guide"
"/average-iq-by-state/south-dakota","/average-iq-by-state","Inferred state IQ value consolidated into official-data methodology guide"
"/average-iq-by-state/maine","/average-iq-by-state","Inferred state IQ value consolidated into official-data methodology guide"
"/average-iq-by-state/north-dakota","/average-iq-by-state","Inferred state IQ value consolidated into official-data methodology guide"
"/average-iq-by-state/idaho","/average-iq-by-state","Inferred state IQ value consolidated into official-data methodology guide"
"/average-iq-by-state/delaware","/average-iq-by-state","Inferred state IQ value consolidated into official-data methodology guide"
"/average-iq-by-state/rhode-island","/average-iq-by-state","Inferred state IQ value consolidated into official-data methodology guide"
"/average-iq-by-state/wyoming","/average-iq-by-state","Inferred state IQ value consolidated into official-data methodology guide"
"/average-iq-by-state/alaska","/average-iq-by-state","Inferred state IQ value consolidated into official-data methodology guide"
"/average-iq-by-state/oklahoma","/average-iq-by-state","Inferred state IQ value consolidated into official-data methodology guide"
"/average-iq-by-state/arkansas","/average-iq-by-state","Inferred state IQ value consolidated into official-data methodology guide"
"/average-iq-by-state/new-mexico","/average-iq-by-state","Inferred state IQ value consolidated into official-data methodology guide"
